{
  "IsEncrypted": false,
  "Values": {
    //"AzureWebJobsStorage": "DefaultEndpointsProtocol=https;AccountName=newslettertrsprodjobs;AccountKey=l2T3LZegvikNwy4imVm5971EnGgFST9oTYtMAI7y7UzY0eYCwAJivVQjkMm85rekKbCmdYhHp4crDUszECy5KA==;EndpointSuffix=core.windows.net",
    "AzureWebJobsStorage": "DefaultEndpointsProtocol=https;AccountName=serviceshubmlx;AccountKey=mf7NXLOM5xeRbUylAWyO7BJuKTaCaupx1USOlB1KwO1OV4bBrv8WXbCFnfonvCvhFCVZ1x42DBxw+AStiJEabg==;EndpointSuffix=core.windows.net",
    "FUNCTIONS_WORKER_RUNTIME": "dotnet-isolated",
    //"ServicebusConnection": "https://SCLaborEntry-UAT.servicebus.windows.net/",
    "ServicebusConnection": "https://sc-laborentry-prod.servicebus.windows.net/",
    "msgtopicname": "msgtopic",
    "idssubname": "idssub",
    "Automatedlaborendpoint": "https://idcxapi-prod.azurewebsites.net/AutomateLabor/GetAutomationLaborEntry",
    "BulkCompletionenpoint": "https://idcxapi-prod.azurewebsites.net/AutomateLabor/ProcessBulkcompletion"
  },
  "LaborDbConnectionString": "Data Source=tcp:fleet-srv-b4c779bc-a5a2-48cf-a034-e28635b5ac72-1e15ab22d468.database.windows.net,1433;Initial Catalog=TestDB-d8df4561-905e-42e2-bfae-3bbe332bdce2;MultipleActiveResultSets=False;Connect Timeout=30;Encrypt=True;TrustServerCertificate=False;Application Name=x_ms_default_renzo;Authentication=ActiveDirectoryDefault"



}